[
    {
        "id": 1,
        "name": "Юрий Гагарин"
    },
    {
        "id": 2,
        "name": "Валентина Терешкова"        
    },
    {
        "id": 3,
        "name": "Алексей Леонов"
    },
    {
        "id": 4,
        "name": "Нил Армстронг"
    },
    {
        "id": 5,
        "name": "Герман Титов"
    },
    {
        "id": 6,
        "name": "Владимир Джанибеков"        
    },
    {
        "id": 7,
        "name": "Джон Гленн"
    }
]